checkout_id,item_format,checked_out_at,returned_at,checkout_branch_id,return_branch_id,patron_type
0K5QZZKW3GI60Q6G,book,2026-04-20 18:02:00,2026-04-21 18:19:00,BR-116,BR-135,member
QJ5SXVWVM4W3ZKWD,book,2026-03-16 10:19:00,,BR-108,,member
Q56Q37CSUYTAUL62,book,2026-03-20 11:53:00,2026-03-27 12:33:00,BR-102,BR-111,member
6Z0HR9T9CD1LQJSQ,book,2026-05-28 17:47:00,2026-06-04 18:41:00,BR-130,BR-130,member
JNAWNGA41IZXTNSR,book,2026-05-18 11:20:00,2026-05-18 11:46:00,BR-127,BR-105,member
9RK7D30MM2SMDZQC,book,2026-03-15 07:54:00,2026-04-04 08:45:00,BR-122,BR-122,guest
TCBW6ATVD1XEUQ4S,audiobook,2026-03-19 12:34:00,2026-04-02 13:01:00,BR-111,BR-136,member
bad-id-6624,book,2026-05-02 10:50:00,2026-05-04 10:50:00,BR-123,BR-104,guest
BMXIKVRECJTR0M6H,dvd,2026-04-16 19:35:00,2026-04-18 20:08:00,BR-119,BR-121,member
4IQ7ZJ3SWEBNVG5V,book,2026-03-21 20:57:00,2026-03-21 21:35:00,BR-117,BR-117,member
8F3GR94SZ2KUUOYC,audiobook,2026-04-30 20:40:00,2026-05-05 20:56:00,BR-107,BR-107,member
bad-id-733,book,2026-05-05 12:43:00,2026-05-07 12:43:00,BR-107,BR-130,member
6P8KH7RT28P6U3U6,book,2026-05-25 16:39:00,2026-05-30 16:39:00,BR-110,BR-110,member
F8ADF7PCHCBN9WSZ,book,2026-03-23 17:31:00,,BR-129,,guest
S2N75BXD8WJ0UUNN,book,2026-03-10 15:16:00,2026-03-12 15:49:00,BR-125,BR-125,guest
0IUDUAHGK6T9DHSZ,book,2026-05-15 09:28:00,2026-05-16 10:21:00,BR-144,BR-144,member
AR1H11QV1F2OF66J,dvd,2026-04-18 13:19:00,2026-04-18 13:19:52,BR-130,BR-130,guest
8AU9DKBPVWZOPHGF,book,2026-04-16 20:26:00,2026-05-06 20:34:00,BR-110,BR-110,member
LGELW8IVI3RQASD1,audiobook,2026-04-13 16:50:00,2026-04-14 16:50:00,BR-121,BR-106,vip
JEK5RBW2ZLAOI4E8,dvd,2026-03-20 14:59:00,2026-03-23 15:25:00,BR-119,BR-131,member
FRL69VSYXBBF4HET,book,2026-04-05 09:46:00,2026-04-19 10:02:00,BR-140,BR-140,member
bad-id-9989,dvd,2026-04-11 15:30:00,2026-04-13 15:30:00,BR-120,BR-132,guest
NNGS2WPZE5EGTYLP,dvd,2026-03-06 19:39:00,,BR-138,,member
AQ3K8A7RV4NMWVSB,dvd,2026-05-12 08:19:00,2026-05-12 08:47:00,BR-106,BR-118,guest
QKE2GJR81BMQF7ZK,audiobook,2026-05-28 17:50:00,,BR-110,,member
G3DXVL5PVYIOMK2E,book,2026-05-05 11:53:00,2026-05-19 12:33:00,BR-136,BR-136,member
IGFU8IOGXPBWHVNZ,book,2026-03-09 16:06:00,,BR-135,,member
KDVNJN2Q3FKEOUBX,dvd,2026-04-26 07:58:00,2026-05-06 08:54:00,BR-123,BR-118,member
OV51ZLBORIQ8HKE2,audiobook,2026-03-12 14:32:00,2026-03-26 14:41:00,BR-102,BR-102,guest
XI04B7P47B42G05K,book,2026-04-08 16:38:00,2026-04-13 16:56:00,BR-107,BR-142,member
9CNG8TANA6U48GWG,book,2026-04-14 08:55:00,2026-05-02 09:18:00,BR-144,BR-129,guest
0TR58PS0RS95ZOW6,dvd,2026-04-24 18:34:00,2026-05-14 19:32:00,BR-123,BR-134,member
JVK8C4NANPINXTXB,audiobook,2026-03-04 16:48:00,2026-03-07 17:39:00,BR-122,BR-114,guest
JYGSBOGKAH2XJQ2W,book,2026-03-29 07:45:00,2026-04-16 08:03:00,BR-121,BR-139,guest
F9E0KLLIRO7YY0KZ,dvd,2026-03-08 16:56:00,2026-04-06 16:56:00,BR-142,BR-103,guest
SOJPX16F1KYNTL2U,book,2026-04-14 11:12:00,2026-04-14 10:29:00,BR-108,BR-119,member
J3GC9HOXDTPWDPJB,book,2026-04-02 19:28:00,2026-04-03 20:09:00,BR-102,BR-103,member
7GBDGBXNRWVBHZA7,dvd,2026-03-11 14:51:00,,BR-141,,member
RMOC0K7ZTDL25B7K,dvd,2026-05-13 09:28:00,2026-05-14 09:41:00,BR-131,BR-131,guest
4GG24479QTKCD0RL,book,2026-05-23 10:06:00,2026-05-25 10:26:00,BR-119,BR-122,member
JZEYQQCXZPQKF4VG,book,2026-04-20 09:04:00,2026-05-10 09:21:00,BR-143,BR-143,member
ATN2TWDL9ZS13C9X,book,2026-05-27 15:22:00,2026-06-10 16:02:00,BR-109,BR-109,member
URMW3UQHWTEK17M6,book,2026-05-02 19:35:00,2026-05-22 20:29:00,BR-130,BR-130,member
CBRLQMN44EEW1YF0,book,2026-05-19 17:39:00,2026-05-26 18:00:00,BR-127,BR-143,guest
PA16KJ752H70YB7R,book,2026-04-17 08:17:00,2026-04-18 08:17:00,,BR-108,member
F337KUU4YTN02YC0,book,2026-03-13 13:14:00,2026-03-31 13:52:00,BR-105,BR-105,guest
L9GVBMQQ749Q6QF1,dvd,2026-04-08 19:31:00,2026-04-09 19:31:00,BR-102,BR-109,staff
HH5LF6A4FEJGXAA2,book,2026-04-11 07:11:00,,BR-117,,guest
VL03DUT4S7AZV2EF,book,2026-05-14 19:06:00,2026-05-14 19:44:00,BR-107,BR-123,guest
21VMEFOZTP7BD4W1,book,2026-05-02 08:00:00,,BR-101,,member
EA84HXXPW2GKQRAF,book,2026-05-29 14:31:00,,BR-131,,member
C5TAO1CJFX5LIKWE,audiobook,2026-03-04 07:42:00,2026-03-09 08:37:00,BR-123,BR-135,guest
3TN60TLXOUN91FY6,audiobook,2026-05-16 12:29:00,2026-05-17 12:29:00,,BR-135,guest
BPA274IR833SICVP,book,2026-04-27 16:07:00,2026-04-27 16:51:00,BR-106,BR-106,guest
SEREV361XSNBTI22,book,2026-05-15 19:47:00,,BR-137,,member
HP2RNZBC1FJOTG6J,book,2026-03-02 08:49:00,2026-03-12 09:04:00,BR-116,BR-103,member
QK2IAGL58KXO9T7E,audiobook,2026-03-23 16:16:00,,BR-103,,member
5GF3BBT873LKMGS6,book,2026-05-17 09:39:00,2026-06-06 10:14:00,BR-122,BR-129,guest
PHT0HL9XPSEIMVIH,book,2026-05-20 07:14:00,2026-05-25 07:18:00,BR-105,BR-118,member
HZGOPJDN8EZP7QYE,dvd,2026-03-25 20:52:00,2026-04-04 21:16:00,BR-118,BR-118,guest
WDS9YXZ7SXDQC2K9,dvd,2026-04-08 20:15:00,2026-04-26 20:18:00,BR-134,BR-103,member
SPJ9WRDPLFE19BCD,audiobook,2026-05-10 16:52:00,2026-05-10 16:16:00,BR-118,BR-109,member
J4X5A5XIN9DL5TGS,book,2026-03-03 07:15:00,2026-03-13 07:40:00,BR-134,BR-102,member
3X8VE00H2K2P3AJF,book,2026-05-17 15:12:00,2026-05-18 15:12:00,BR-102,BR-142,vip
ASNRM6DFHG6W3STT,audiobook,2026-03-15 13:29:00,,BR-105,,member
D25OWF75935A0L72,audiobook,2026-04-01 11:10:00,2026-04-01 12:00:00,BR-107,BR-107,guest
HS258W9ZJXLH8L6E,audiobook,2026-05-17 14:00:00,2026-05-24 14:35:00,BR-101,BR-132,guest
PQPMQK8SZ7IWDL14,dvd,2026-03-10 18:15:00,,BR-106,,member
M3PP00CDNZY47QUU,book,2026-03-21 13:29:00,,BR-116,,member
6UAMWJPIWUJT4FTL,book,2026-05-27 13:13:00,2026-05-27 13:07:00,BR-111,BR-125,member
0A1WHHKT1YJFE8UD,book,2026-05-10 12:17:00,2026-05-13 12:53:00,BR-110,BR-110,member
BXXGAEARMS3JN050,book,2026-03-04 12:51:00,2026-03-04 13:27:00,BR-128,BR-137,member
6BCPWEIJMMB5JFYS,dvd,2026-03-07 14:51:00,2026-03-07 15:17:00,BR-130,BR-140,guest
XMOE545VYBJH4OUL,dvd,2026-04-22 13:51:00,2026-04-25 14:49:00,BR-129,BR-129,member
1J6OWW5FKNJMVRYD,book,2026-03-01 17:37:00,,BR-103,,member
CQY2656AE1IGCUID,cd,2026-05-02 11:17:00,2026-05-03 11:17:00,BR-101,BR-101,guest
8OOSPRLZKCZYH0VC,audiobook,2026-03-18 09:30:00,2026-03-20 09:55:00,BR-111,BR-142,member
R965R96KHUB2RTSO,dvd,2026-03-23 14:07:00,2026-03-23 14:27:00,BR-134,BR-125,member
JXURGOWYOO5YBRJN,book,2026-04-08 11:17:00,2026-04-28 11:23:00,BR-132,BR-115,member
1SY9LAACOSYM0JBW,book,2026-05-16 17:57:00,2026-06-05 18:04:00,BR-114,BR-108,member
bad-id-7108,audiobook,2026-05-08 07:52:00,2026-05-10 07:52:00,BR-133,BR-134,member
WWIMT8545YRWVTKH,audiobook,2026-04-06 13:28:00,2026-04-13 13:35:00,BR-121,BR-121,guest
EKRCPPRCJIWVHDK8,book,2026-05-19 13:51:00,2026-05-26 14:43:00,BR-122,BR-142,guest
0LVSNUJZA7TZ0YNC,dvd,2026-04-12 16:20:00,2026-04-15 16:52:00,BR-143,BR-143,member
TMHOPMPNBN7GGGJV,book,2026-03-14 17:03:00,2026-03-14 17:37:00,BR-142,BR-142,guest
G3ZRZQ0V4PSC9J5U,book,2026-04-11 17:33:00,2026-04-12 17:33:00,BR-108,BR-105,
IJI18K0AXYCELOS6,dvd,2026-04-09 18:07:00,2026-04-12 18:30:00,BR-141,BR-115,guest
9KWV08HHXFGCAQVK,book,2026-04-06 18:55:00,,BR-130,,member
CBA7263RJK4CWEQ4,book,2026-04-12 08:02:00,2026-06-10 08:02:00,BR-142,BR-133,member
Q6DDTBYRGC8KIXCC,book,2026-03-22 12:55:00,2026-03-22 13:23:00,BR-127,BR-131,guest
MR8FHYDRGFR27RIU,audiobook,2026-04-15 11:22:00,,BR-144,,guest
C9JYPAOAXQOX00K3,book,2026-05-28 17:44:00,2026-05-31 17:49:00,BR-144,BR-144,member
P8F8C8CLRKI72OAL,book,2026-05-17 18:31:00,2026-05-18 18:31:00,BR-122,BR-141,staff
ITKX7JE5B99HEXW8,book,2026-05-10 11:46:00,2026-05-28 12:04:00,BR-109,BR-109,member
I4O6Q0USWOVCXEK4,audiobook,2026-04-20 18:53:00,2026-04-23 19:07:00,BR-121,BR-121,member
UR8XUEBHK0ONSASJ,audiobook,2026-04-27 17:34:00,2026-04-27 16:46:00,BR-101,BR-120,member
CNX8EIQETK5LP9C5,book,2026-04-20 20:56:00,,BR-133,,guest
3YJZ99106AK32OOU,dvd,2026-04-30 17:32:00,2026-05-02 17:46:00,BR-110,BR-114,member
CF07V882O8ZI9VCC,book,2026-05-08 12:28:00,,BR-119,,member
4OQ0PFRRQ3GU7GKL,audiobook,2026-04-20 17:38:00,,BR-113,,member
NZ0NXU43IEDD070E,book,2026-04-10 13:36:00,2026-04-28 14:10:00,BR-101,BR-101,member
J2V2HEIFJFC2V37P,book,2026-04-08 18:25:00,2026-04-18 18:53:00,BR-118,BR-118,member
6GVGT2EEHFU4B9SN,book,2026-04-24 17:00:00,2026-05-08 17:57:00,BR-116,BR-143,member
ZZ0JKIBU4FMPKXVH,book,2026-03-22 17:18:00,2026-03-22 17:57:00,BR-106,BR-131,member
HJY8GY39BU4UZ2Z0,dvd,2026-04-06 18:30:00,2026-04-07 18:30:00,,BR-124,member
MKLD56R7WYQHR133,book,2026-04-21 09:52:00,2026-04-21 10:34:00,BR-101,BR-101,member
B4XZ3MSKZO3I9LLI,book,2026-05-03 16:14:00,2026-06-12 16:14:00,BR-110,BR-103,member
YH1FKJ4YK1B3D505,dvd,2026-05-11 13:15:00,2026-05-14 13:59:00,BR-133,BR-125,member
9P3JPXGH30153SFL,book,2026-03-18 19:54:00,2026-03-18 20:25:00,BR-134,BR-134,guest
RQ9NZ61231YV2STN,audiobook,2026-03-15 07:53:00,2026-03-17 08:29:00,BR-136,BR-111,member
PJA1WJ0TPAC56T4U,book,2026-03-17 07:19:00,2026-03-17 08:01:00,BR-124,BR-124,member
S5HRQAP5IPI7866P,book,2026-04-30 18:49:00,,BR-133,,member
3C1ZA0DV6NYYCJ4Q,audiobook,2026-03-08 16:48:00,2026-03-09 16:48:00,BR-131,BR-124,staff
VWLO7AMMPQ0HZYJB,audiobook,2026-03-11 17:31:00,2026-03-11 18:04:00,BR-136,BR-134,member
44FTJ5CCASBUOV6T,book,2026-05-09 14:41:00,2026-05-11 15:38:00,BR-110,BR-119,member
XXO9ZJCUBZQVQG0X,book,2026-03-14 07:23:00,2026-03-15 08:08:00,BR-102,BR-109,member
77RXZDNVZ552ZBRD,audiobook,2026-05-10 20:29:00,2026-05-10 21:19:00,BR-111,BR-116,member
GNLPYO2M2XIPRTT3,book,2026-05-14 18:26:00,2026-05-16 19:10:00,BR-134,BR-134,member
VCJWTL9TQVDZ4X1Z,book,2026-04-27 10:26:00,2026-05-04 10:52:00,BR-122,BR-121,member
V23GXJ0MQVINDH4S,book,2026-03-20 16:06:00,2026-04-07 16:44:00,BR-112,BR-112,guest
S0R2SDS8B25SQ8CR,book,2026-05-27 08:31:00,,BR-129,,member
WCFHQCW76XATOAZT,book,2026-05-04 20:44:00,2026-05-05 20:50:00,BR-144,BR-134,member
ZAWNYTK1ZWUHYWM7,book,2026-05-26 12:56:00,,BR-104,,member
7G2RE6ZVLHYL2LD0,audiobook,2026-04-18 10:04:00,2026-04-18 10:51:00,BR-131,BR-131,guest
7SH2SZWYMX9DJOYO,book,2026-03-02 18:45:00,2026-03-16 19:03:00,BR-105,BR-136,guest
AXAHHXKWB5O1R9Z2,audiobook,2026-05-12 09:16:00,2026-06-01 10:00:00,BR-107,BR-107,guest
2GRRDNWT2FES5CS9,audiobook,2026-04-10 10:55:00,2026-04-10 09:53:00,BR-111,BR-116,guest
U4CFILKJXJQ5NV8O,book,2026-03-03 09:46:00,2026-03-03 10:19:00,BR-116,BR-116,member
EYUHZ1GV0E38DALY,audiobook,2026-04-20 18:12:00,2026-05-10 18:27:00,BR-105,BR-105,guest
33H8G8T922D0NX5W,book,2026-04-26 10:20:00,,BR-118,,member
T11F9I6UU13I59SO,book,2026-05-11 16:56:00,2026-05-18 17:31:00,BR-112,BR-123,guest
8U8NOZEMDMZ5RGOI,audiobook,2026-05-21 08:21:00,2026-06-04 08:37:00,BR-129,BR-129,member
1BD2SCEJCY127H6G,book,2026-03-12 09:54:00,2026-03-17 10:16:00,BR-118,BR-118,member
8IFXDNM655CK3TB9,dvd,2026-03-27 14:08:00,2026-03-27 14:08:58,BR-105,BR-123,guest
GUUCM5FYCZU80ZRZ,audiobook,2026-04-20 10:42:00,2026-05-10 11:01:00,BR-129,BR-129,member
WVTMNYEURANI8Y66,audiobook,2026-05-27 16:27:00,2026-05-28 16:27:00,BR-131,BR-118,vip
HT94OZKFNOTIA41S,book,2026-05-02 07:10:00,2026-05-04 07:50:00,BR-119,BR-116,member
XJ7WWUDQVDK6DRN4,book,2026-05-02 19:01:00,,BR-127,,guest
AY12TLXLZS49CDZN,audiobook,2026-03-21 15:47:00,,BR-108,,member
BABQ0FOT10GDMIPC,audiobook,2026-04-29 13:54:00,2026-05-17 14:45:00,BR-135,BR-120,member
DC112HXRJM4T8BP6,book,2026-04-10 20:24:00,2026-04-10 20:55:00,BR-129,BR-120,guest
KW3HGBMFBUVLDD9F,book,2026-05-24 18:44:00,2026-06-07 18:55:00,BR-139,BR-138,member
2YGNMBY49E7EOBJL,dvd,2026-05-26 15:49:00,2026-05-28 16:31:00,BR-137,BR-134,member
GKZJRUMXQW3B4NTH,dvd,2026-04-14 17:51:00,2026-04-16 18:12:00,BR-144,BR-133,member
IOXD9CSS9TOQW9JA,audiobook,2026-04-14 10:46:00,2026-05-02 11:33:00,BR-143,BR-109,member
89I9GX32UEW9G6SP,book,2026-03-17 15:07:00,2026-03-24 16:00:00,BR-141,BR-117,guest
U5X0HC8CAH3GDHVS,audiobook,2026-04-09 18:29:00,,BR-142,,member
SXJZVUV3CB0IXRYL,book,2026-03-31 08:57:00,2026-04-07 09:45:00,BR-112,BR-105,member
6L3UEYBISBO551LD,book,2026-04-17 10:18:00,2026-05-05 10:33:00,BR-137,BR-138,guest
UNKNQT3WVEDN9UNF,book,2026-04-21 15:02:00,,BR-103,,guest
IDD0WPJ8YI340SQC,book,2026-03-19 16:46:00,2026-03-19 17:30:00,BR-141,BR-106,member
SRG1YD5MY3GDILK1,book,2026-05-27 11:59:00,,BR-140,,member
Q6FWTV1DJJZQFE8E,dvd,2026-04-23 08:23:00,2026-04-24 08:23:00,BR-136,BR-131,staff
6HN95S2GKFL5XF50,book,2026-04-28 09:17:00,2026-05-12 09:45:00,BR-102,BR-102,member
FXIOKPG3DP4FMPM5,book,2026-03-25 11:02:00,2026-03-30 11:59:00,BR-109,BR-109,member
9UZFK8UT0CVS4F8C,book,2026-05-16 08:43:00,2026-06-03 08:58:00,BR-116,BR-103,member
bad-id-6586,book,2026-03-30 12:58:00,2026-04-01 12:58:00,BR-110,BR-110,member
JB0PNWBGDQEWUHRY,book,2026-03-21 13:52:00,2026-03-23 13:57:00,BR-134,BR-141,guest
ZDUXLEZ896DYSAL8,book,2026-05-02 10:14:00,,BR-109,,member
QWJ2C9OGPS0132AN,audiobook,2026-04-08 16:34:00,2026-04-09 16:50:00,BR-110,BR-110,member
FPLO1URTTQUFCJVN,dvd,2026-04-06 12:03:00,2026-04-07 12:56:00,BR-102,BR-102,guest
59IN4OLR6N92XF8E,audiobook,2026-04-12 20:06:00,,BR-129,,guest
KU2W8ZUVJUTPMC3S,book,2026-05-24 15:20:00,2026-05-27 15:59:00,BR-113,BR-143,guest
CE7PKWCYUKND1IVX,book,2026-04-19 14:50:00,2026-05-07 14:56:00,BR-128,BR-128,guest
QQVAECW9YIL8SA3I,book,2026-05-26 18:52:00,,BR-122,,guest
3GXRIRJUTFVJ839A,book,2026-03-27 16:50:00,2026-03-27 15:28:00,BR-117,BR-132,guest
XYJCKT1ELOU83G47,book,2026-04-30 19:02:00,,BR-142,,member
MWI9S3W563BTKF6X,book,2026-04-18 15:43:00,2026-05-08 15:57:00,BR-140,BR-140,member
R6Q5IK08NJF0PKBO,magazine,2026-04-14 17:29:00,2026-04-15 17:29:00,BR-126,BR-109,guest
R11Q7UWW5WFCPKJC,book,2026-04-09 14:28:00,,BR-103,,guest
127MY89SFQERI7B0,audiobook,2026-05-03 17:01:00,2026-05-23 17:21:00,BR-112,BR-112,member
UW2XH6QIHPNF4JD1,book,2026-05-06 12:14:00,,BR-138,,member
ACJ4T0SEKKBP2QD6,book,2026-03-03 17:32:00,2026-03-04 17:50:00,BR-137,BR-137,member
FTQ9Y69XFQ1ENNGA,,2026-05-08 16:26:00,2026-05-09 16:26:00,BR-129,BR-138,member
bad-id-1350,dvd,2026-04-21 13:24:00,2026-04-23 13:24:00,BR-102,BR-132,member
03NO355CSZ0A0T7D,book,2026-04-20 10:53:00,2026-04-25 11:20:00,BR-139,BR-102,member
JCKJLTEIYZCOTOHP,audiobook,2026-05-14 18:01:00,2026-05-14 18:43:00,BR-137,BR-137,member
2LBM2QSQ0P82KB70,dvd,2026-05-12 11:03:00,2026-05-13 11:39:00,BR-141,BR-141,guest
9T84AZYTJXEPQ85J,book,2026-03-23 15:58:00,2026-03-26 16:51:00,BR-107,BR-139,member
JZOWI1T2EP768SY7,book,2026-03-02 18:51:00,2026-03-02 19:32:00,BR-134,BR-134,guest
1VN8LFJDTVV2Y4XK,book,2026-05-05 10:47:00,2026-05-05 11:22:00,BR-126,BR-108,member
TJ54696QZ6CP7SAV,dvd,2026-03-17 11:02:00,,BR-137,,guest
SB6ZWKHE9I0HN3F9,dvd,2026-05-23 19:29:00,,BR-108,,guest
Q4IVN2QQZZFVB9EK,audiobook,2026-04-20 09:10:00,2026-04-20 09:10:11,BR-132,BR-144,guest
QY3ODSX4NXVKDC9X,audiobook,2026-04-03 17:45:00,2026-04-04 18:18:00,BR-142,BR-104,guest
819Y207MERBYEAWH,book,2026-04-11 07:38:00,,BR-142,,member
MBWU5JSLHGMRZZQO,book,2026-05-15 20:19:00,2026-05-16 20:19:00,,BR-132,guest
4N6O9JD3IH66W51O,book,2026-03-11 20:49:00,2026-03-18 21:48:00,BR-132,BR-128,guest
BSMWPQ82K8RYQF8W,dvd,2026-04-08 14:18:00,2026-04-08 15:07:00,BR-105,BR-105,member
4ZW9XA3KX7EEDTJV,dvd,2026-03-27 17:40:00,2026-03-30 18:37:00,BR-117,BR-104,member
S210Q2LG1ZHQUNUE,audiobook,2026-03-02 14:51:00,2026-03-07 15:05:00,BR-143,BR-143,member
TFEBE5407K5W1JL6,book,2026-05-02 19:09:00,2026-05-22 19:49:00,BR-136,BR-104,member
HIE9EDE1ZUBLEKVL,audiobook,2026-04-26 10:35:00,2026-05-03 10:47:00,BR-127,BR-131,guest
PQK1IO1ZM4LCVHFW,book,2026-03-19 20:27:00,2026-03-22 21:10:00,BR-136,BR-136,guest
2JTXB02B6LKC86Y5,book,2026-03-18 10:07:00,2026-03-18 11:00:00,BR-137,BR-138,guest
1IO4KOXHJMIA6YKF,book,2026-03-24 20:20:00,2026-03-25 20:20:00,BR-105,BR-132,staff
Q3VLI7KQ1UYMRLRM,book,2026-04-05 16:44:00,2026-04-19 16:56:00,BR-118,BR-118,guest
RP2U4DTBH55RBC76,book,2026-03-05 09:59:00,,BR-121,,member
N9CC7ISUTP04SBRS,book,2026-04-04 10:53:00,2026-04-06 11:14:00,BR-137,BR-137,guest
YFDS0DJI9KQDGBK2,book,2026-03-15 08:54:00,,BR-103,,member
89LTAJW2536ZX1TV,audiobook,2026-03-25 11:28:00,2026-03-25 11:59:00,BR-112,BR-133,member
TJX6EWXQPF0QPSVY,audiobook,2026-05-24 14:08:00,2026-05-31 14:34:00,BR-119,BR-144,member
CYNL63GAGUVB99RW,book,2026-03-21 15:47:00,2026-03-23 16:25:00,BR-117,BR-117,member
8CQ1XGBNGZ6WMDW0,book,2026-03-25 07:46:00,2026-04-01 07:50:00,BR-138,BR-142,member
LWAGAWQ57LY7500L,book,2026-04-06 09:17:00,2026-04-13 09:31:00,BR-109,BR-118,guest
G7OQ2ZDO74V1QX8E,book,2026-05-07 18:03:00,2026-05-25 18:33:00,BR-136,BR-112,member
7FKNDG1JRJ5XFEUB,audiobook,2026-04-21 13:54:00,2026-04-22 14:22:00,BR-140,BR-140,guest
B0NLW0VS52SQ3B9S,book,2026-03-06 15:24:00,2026-03-06 15:56:00,BR-134,BR-134,member
5QXS2U4OJ7G4EBC9,dvd,2026-05-10 15:46:00,2026-05-10 15:46:56,BR-108,BR-139,guest
FH8AOY7RP0AGA24S,book,2026-05-14 12:41:00,2026-05-24 13:18:00,BR-142,BR-134,guest
2Q6X2O72SJXL66YA,audiobook,2026-03-05 07:01:00,2026-03-19 07:53:00,BR-110,BR-121,member
6IJKUUHCLRR6Z3DX,book,2026-05-13 13:05:00,2026-05-18 13:27:00,BR-104,BR-128,member
QVS9J6LNF0402W29,book,2026-05-21 07:53:00,,BR-116,,member
LIRD70GKJFP0N1K9,audiobook,2026-03-02 17:27:00,2026-03-29 17:27:00,BR-136,BR-141,member
0DXHO87F00TERKMB,dvd,2026-03-15 10:40:00,2026-03-16 11:30:00,BR-128,BR-128,member
2QLGDVC2GUWJP0QI,audiobook,2026-03-08 09:19:00,2026-03-28 10:07:00,BR-138,BR-138,member
JQ77Z4ES3AOFC9LG,dvd,2026-05-08 14:21:00,,BR-107,,member
HSMDYVSLH9BH811K,book,2026-05-03 18:27:00,,BR-112,,member
UUG95RLRDIHSA7HE,dvd,2026-04-11 07:01:00,2026-04-12 07:50:00,BR-110,BR-110,member
bad-id-1196,audiobook,2026-03-29 18:20:00,2026-03-31 18:20:00,BR-114,BR-132,member
61BGMY4IQZ6DF08U,dvd,2026-03-01 13:49:00,2026-03-01 12:25:00,BR-132,BR-124,guest
6XB1R8VNRPJY93N0,book,2026-04-03 09:37:00,,BR-104,,member
JH0ZAGRD1PPKPGGE,book,2026-05-04 08:28:00,2026-05-05 08:40:00,BR-137,BR-137,member
LG4P0FT1AFDTOHRN,book,2026-04-01 19:58:00,2026-04-06 20:46:00,BR-107,BR-126,guest
ECUBODS1EEURXHW0,book,2026-03-10 11:49:00,2026-03-28 11:54:00,BR-128,BR-128,member
8NYSJ5YWX0I3A4KF,book,2026-03-10 10:24:00,2026-03-15 10:53:00,BR-130,BR-135,guest
W3JGEQE5158OQESU,dvd,2026-04-05 12:49:00,2026-04-08 13:38:00,BR-131,BR-131,member
KYTT3IMJ70E3P15A,book,2026-03-13 16:02:00,2026-03-13 16:37:00,BR-129,BR-126,member
NF877VREN93IIUC0,audiobook,2026-05-08 19:08:00,2026-05-22 19:18:00,BR-109,BR-109,guest
A52960361I2HGJ11,dvd,2026-03-18 17:06:00,2026-03-21 17:56:00,BR-141,BR-141,member
G3RTSCPSUOVHAUVA,audiobook,2026-05-05 14:32:00,2026-05-07 14:50:00,BR-134,BR-136,member
XAW63DW4C3EVWCHM,audiobook,2026-05-26 13:20:00,2026-06-13 13:54:00,BR-108,BR-108,guest
11D2MRMTXJQ3KMSX,audiobook,2026-05-16 14:07:00,2026-06-05 14:08:00,BR-118,BR-118,member
585X8A5FBUOTDH00,book,2026-05-22 20:32:00,,BR-110,,member
XNF7C3DD03UVULEM,dvd,2026-04-24 20:58:00,2026-05-12 21:17:00,BR-104,BR-104,member
I899A44TBIDSECHU,audiobook,2026-05-27 13:04:00,2026-05-30 13:13:00,BR-142,BR-142,member
4QXGNRFIO878IYHH,book,2026-04-26 20:39:00,2026-05-06 21:35:00,BR-132,BR-132,member
Y9RMJR211PV58Y9N,dvd,2026-05-21 16:37:00,2026-05-21 16:31:00,BR-106,BR-131,guest
TK63N2QB6GS8G8TA,book,2026-05-25 17:49:00,2026-06-01 18:42:00,BR-114,BR-114,member
VED32LX2TOOWT9NM,audiobook,2026-05-15 13:50:00,2026-05-20 14:24:00,BR-128,BR-112,member
2NX1WVBD4BEPEJZH,dvd,2026-03-02 11:26:00,,BR-143,,member
59SQWHBEF46RF7BN,book,2026-04-02 12:39:00,,BR-130,,guest
57AUKHQNZJNNS9PZ,magazine,2026-05-10 07:08:00,2026-05-11 07:08:00,BR-123,BR-117,member
bad-id-6928,audiobook,2026-05-19 17:16:00,2026-05-21 17:16:00,BR-137,BR-141,guest
5LEN606N9RR7S20C,book,2026-03-24 15:18:00,,BR-121,,member
HN5E0EV6XGZ7CTM0,audiobook,2026-03-26 15:46:00,,BR-110,,member
VBLPXAJMK4X1FDJ9,book,2026-05-14 08:18:00,,BR-115,,guest
EVL7FQ8ABY595CPJ,dvd,2026-03-16 18:49:00,2026-03-30 19:34:00,BR-139,BR-139,member
0QBKERN6YJMK3TGM,book,2026-04-11 11:40:00,2026-04-16 12:26:00,BR-103,BR-103,guest
TV6G8OM08TV4REAS,book,2026-03-17 09:24:00,2026-03-17 10:07:00,BR-137,BR-116,member
RM8J5ECRUYF38DIU,book,2026-05-16 19:39:00,2026-05-23 20:07:00,BR-115,BR-120,guest
3WKCS4KEK4AEGVFQ,audiobook,2026-04-03 19:44:00,2026-04-17 20:39:00,BR-116,BR-116,guest
8314Y2LR0JY32HOG,audiobook,2026-05-13 10:01:00,2026-06-02 10:40:00,BR-102,BR-106,guest
FC1XX6CWZXSKOYTK,dvd,2026-04-14 07:52:00,2026-05-02 08:50:00,BR-118,BR-118,member
OKEP7Y6WKTAKPUXQ,book,2026-03-28 15:30:00,2026-03-31 16:02:00,BR-111,BR-140,member
PVS7HZIOYKL1CQ99,book,2026-03-28 15:16:00,2026-03-28 15:51:00,BR-109,BR-109,member
1FJGBVYOW47LUEQ4,book,2026-04-29 08:07:00,,BR-106,,member
Z91X70FQLDB2UUIJ,book,2026-05-20 13:27:00,,BR-121,,member
7DI3E950ID033TAY,book,2026-03-06 08:03:00,,BR-120,,member
IUYMO0PQCLPOXKO8,book,2026-05-19 14:53:00,,BR-124,,guest
I68DS03VNA31XBID,book,2026-05-20 16:00:00,2026-05-20 16:54:00,BR-101,BR-122,guest
PGYME6RPKZGGM0J3,audiobook,2026-05-10 09:04:00,,BR-134,,member
W19JOJWLRKXJTMYS,dvd,2026-03-15 19:11:00,,BR-132,,guest
QD8UNPIOKKZSN908,audiobook,2026-03-14 14:14:00,2026-03-21 15:03:00,BR-137,BR-137,member
NTPBPZCD5XRSI7EA,book,2026-03-03 18:33:00,2026-03-03 17:04:00,BR-137,BR-112,member
YFLQ8XPA95G1AMRA,audiobook,2026-04-30 08:02:00,2026-05-03 08:55:00,BR-102,BR-102,member
33ZSMV30QABXW2EO,dvd,2026-04-10 16:05:00,,BR-108,,member
55IXVA1NKBTFSHB0,book,2026-04-27 19:38:00,2026-04-29 20:05:00,BR-137,BR-137,member
9UPNHZX9FQ9TEA71,audiobook,2026-04-10 09:00:00,2026-04-15 09:41:00,BR-135,BR-131,guest
PE63LBQGU3OBYGHG,book,2026-03-20 07:39:00,2026-04-09 07:57:00,BR-140,BR-136,member
3Z2UD79ZTD3IMZ93,book,2026-04-04 16:53:00,2026-04-14 17:24:00,BR-104,BR-105,guest
FRB7EI5R8VO4KVFF,dvd,2026-04-25 13:52:00,2026-04-25 13:53:00,BR-138,BR-125,member
UBBRNU8C0S41KSSV,book,2026-05-20 18:42:00,,BR-143,,member
CTWJLSH3TOW4YCZ0,audiobook,2026-03-08 10:05:00,,BR-128,,member
5MBFSRKHGBAMMWMD,audiobook,2026-04-02 13:05:00,2026-05-25 13:05:00,BR-113,BR-114,member
QKGEX08N6Q7NC85E,audiobook,2026-03-16 09:34:00,2026-03-18 10:27:00,BR-126,BR-126,member
DEJ31GYMDM0L2LJK,audiobook,2026-04-30 07:55:00,2026-05-18 07:59:00,BR-141,BR-113,member
2LB25485HCQXCS1X,book,2026-05-03 15:29:00,2026-05-08 16:02:00,BR-112,BR-132,member
SGVB6THR3NK8PQEQ,audiobook,2026-03-16 14:56:00,2026-03-16 15:24:00,BR-128,BR-143,member
CEDTCXNMJ5IAN8ND,audiobook,2026-03-23 15:46:00,2026-04-02 15:52:00,BR-120,BR-137,guest
SPENGWYX9TRFLQBM,book,2026-03-18 10:52:00,2026-04-01 11:33:00,BR-125,BR-144,member
VN1X2GDGKXCQ91YY,audiobook,2026-04-02 09:49:00,2026-04-02 10:33:00,BR-105,BR-105,guest
RSB4GF16YE0A4ABN,audiobook,2026-03-23 20:02:00,2026-04-12 20:28:00,BR-136,BR-136,member
BKJF4AQ7B7V1W4K2,book,2026-03-10 19:45:00,2026-03-11 20:18:00,BR-121,BR-121,member
LWJTIQWNRHZN4KGE,book,2026-03-30 20:06:00,2026-04-13 20:33:00,BR-118,BR-113,member
AXZRB188ELNWOSKA,audiobook,2026-05-22 17:35:00,2026-05-23 17:35:00,BR-127,BR-136,
bad-id-4467,dvd,2026-03-27 17:47:00,2026-03-29 17:47:00,BR-101,BR-127,guest
857NZ3A8V4X7Y2IT,book,2026-05-29 12:57:00,,BR-144,,guest
R23QIUA08EKXDRKZ,audiobook,2026-05-14 07:29:00,2026-05-21 07:40:00,BR-130,BR-124,member
8BPG2R0TOKPK7YSW,book,2026-05-23 09:09:00,2026-05-25 10:00:00,BR-119,BR-124,member
7QQYZQII4W6OZX25,book,2026-03-04 08:30:00,2026-03-14 09:24:00,BR-108,BR-108,guest
GS3JONOU9IY4X41D,book,2026-05-10 14:03:00,,BR-141,,member
WZP6SWK2RV239MOF,book,2026-03-27 18:59:00,2026-03-27 19:19:00,BR-131,BR-108,guest
XL68J0NMEOQ4YRP5,book,2026-03-17 18:46:00,2026-03-18 18:52:00,BR-104,BR-104,member
2SF6F7LOW4VSSRUR,book,2026-04-12 17:07:00,2026-05-02 17:08:00,BR-127,BR-117,guest
2ZKF5B1SA3Y5T37S,dvd,2026-04-24 09:17:00,2026-04-25 10:04:00,BR-106,BR-106,member
84A1X7OV6SGP3JK8,dvd,2026-04-18 16:19:00,2026-04-18 16:45:00,BR-127,BR-123,guest
KURLZH6A50NOOO0N,book,2026-05-15 08:26:00,2026-05-15 09:10:00,BR-103,BR-111,member
0XI5BJ5D5E3H0Y4V,book,2026-05-18 09:50:00,2026-05-18 10:32:00,BR-114,BR-139,member
OIQ2Q4QERXDOUADV,book,2026-04-08 15:35:00,2026-04-18 15:56:00,BR-114,BR-114,member
HA0MVF4S2NI8TNDF,dvd,2026-05-19 10:53:00,2026-06-06 11:20:00,BR-110,BR-118,member
T4Q9BC2BE3YQY5FU,audiobook,2026-03-05 18:09:00,2026-03-15 19:07:00,BR-132,BR-103,member
LDT8BEMC57XHF9I7,audiobook,2026-03-04 09:56:00,,BR-129,,guest
DFORXO1BDJE153A5,book,2026-03-07 10:33:00,2026-03-17 11:13:00,BR-124,BR-124,member
UOUC6T8PJ2JRIG5X,book,2026-05-23 07:11:00,2026-06-02 07:48:00,BR-144,BR-144,member
X5O31YHXSO7VBGR8,dvd,2026-04-08 12:26:00,2026-04-10 12:33:00,BR-101,BR-107,member
FTOUHYLU6K7P9MDA,audiobook,2026-04-21 20:08:00,,BR-119,,guest
AV917RMPN6937XNC,book,2026-04-12 19:06:00,2026-04-19 19:52:00,BR-101,BR-109,member
5ZJAUCYHONBPQGA6,audiobook,2026-03-31 14:55:00,2026-04-01 14:55:00,,BR-105,guest
RGSG6A8MLIK22XMQ,audiobook,2026-03-02 20:47:00,2026-03-04 21:10:00,BR-134,BR-126,member
AZRP9DXOQ2VPGSTQ,book,2026-03-24 13:38:00,2026-03-26 14:23:00,BR-101,BR-127,guest
FS4H6SSGFXUQ4F2X,audiobook,2026-03-09 20:41:00,2026-03-19 21:19:00,BR-131,BR-137,guest
W7493DXWOR17DPUB,book,2026-04-23 10:14:00,2026-04-23 10:46:00,BR-130,BR-108,member
21HD4Y89ORVSCYOZ,book,2026-04-19 12:00:00,2026-04-22 12:28:00,BR-119,BR-106,member
DFI25I67ZSOOUKIW,audiobook,2026-03-07 16:19:00,2026-03-07 16:19:37,BR-105,BR-121,member
359TSUJT70Y2RL4N,dvd,2026-05-28 13:05:00,2026-05-29 13:05:00,,BR-134,guest
4YGOHMJZ6N58YUXC,audiobook,2026-03-19 18:04:00,2026-03-19 18:05:21,BR-102,BR-125,guest
KQL0HT1TW9ZYN6SJ,book,2026-03-26 19:44:00,2026-04-05 20:25:00,BR-140,BR-105,member
2KEIVLI77JZC58CU,audiobook,2026-05-18 15:19:00,2026-06-01 16:03:00,BR-126,BR-138,member
SU9RN8QTTY5Y2JR8,book,2026-04-08 10:19:00,2026-04-18 10:39:00,BR-119,BR-136,guest
ZPGU2HBIK2U1RSUJ,book,2026-04-16 15:52:00,2026-04-26 16:26:00,BR-103,BR-103,member
8V341ONX0GU4BJ3B,book,2026-04-30 11:30:00,2026-05-20 12:15:00,BR-135,BR-135,member
bad-id-8644,book,2026-05-27 18:03:00,2026-05-29 18:03:00,BR-113,BR-106,guest
ALULDRYHR3YFK8HW,audiobook,2026-03-10 20:54:00,,BR-135,,member
D09JRD4HQFGHDILU,audiobook,2026-05-09 16:01:00,2026-05-09 16:01:25,BR-125,BR-129,member
HA6GH7IDUB9RBDL9,audiobook,2026-04-20 15:12:00,2026-04-25 15:20:00,BR-121,BR-107,member
VPUZ11BJKX9M4V74,dvd,2026-05-03 19:04:00,2026-05-03 18:08:00,BR-133,BR-132,guest
2AB2RVNDFDW79WCX,dvd,2026-03-14 09:31:00,2026-03-28 10:21:00,BR-115,BR-123,guest
MD6X73ZCA7FXLOZ2,book,2026-03-09 08:36:00,2026-03-12 08:45:00,BR-128,BR-128,guest
2JEYN9382KKZMPJR,book,2026-05-08 11:59:00,2026-05-09 12:05:00,BR-136,BR-138,member
21UZVGWW4FYB8DAL,book,2026-05-28 10:26:00,2026-06-07 11:21:00,BR-133,BR-104,guest
TPK2NLT8DTM4VXJJ,audiobook,2026-04-02 17:37:00,2026-04-22 18:24:00,BR-126,BR-126,member
LZKJ49YD82795E5I,dvd,2026-04-01 19:53:00,2026-04-02 20:29:00,BR-144,BR-141,member
M8JVH7UJODCK8285,audiobook,2026-05-13 11:44:00,2026-05-31 12:14:00,BR-129,BR-122,guest
M96N7KBNKFVDHLZ0,audiobook,2026-04-14 10:24:00,,BR-138,,guest
4JUW7WR0R35IKGEQ,audiobook,2026-03-27 19:39:00,2026-04-01 20:01:00,BR-127,BR-141,member
V9NJS96ALGXZJ9MJ,vinyl,2026-03-03 16:57:00,2026-03-04 16:57:00,BR-143,BR-106,guest
bad-id-774,dvd,2026-03-07 15:01:00,2026-03-09 15:01:00,BR-125,BR-113,guest
HJ3MUURMYBD2QE4P,book,2026-04-24 10:44:00,2026-04-27 10:54:00,BR-109,BR-118,member
NLPA5CGWFHDV37IC,dvd,2026-04-09 09:46:00,2026-04-10 10:24:00,BR-113,BR-113,member
H1DNMMJBQE7CKW5N,book,2026-03-09 07:42:00,2026-03-09 08:16:00,BR-115,BR-125,member
X5WWPM3X15DTOZ5S,book,2026-03-28 08:32:00,2026-04-02 09:20:00,BR-136,BR-102,member
26GYUP12SPFHV5BR,book,2026-03-14 18:54:00,2026-03-17 18:59:00,BR-134,BR-118,member
0ZFKNWBHKVJZ09OW,book,2026-04-14 17:09:00,2026-04-19 17:42:00,BR-138,BR-138,guest
76MOUZE66VW9B0MQ,book,2026-04-27 18:53:00,2026-05-07 19:37:00,BR-128,BR-128,member
BIRMC5S3OFAWWJNN,book,2026-03-06 10:37:00,2026-03-07 10:37:00,,BR-139,guest
PLVQEXUYHEY66P61,dvd,2026-05-12 09:20:00,2026-05-12 09:51:00,BR-105,BR-105,guest
D91ZDFKBLCMPIOYG,book,2026-05-18 20:24:00,2026-05-28 21:22:00,BR-140,BR-115,member
84RPU9GGSOU6NJ2N,audiobook,2026-04-25 12:23:00,2026-04-30 12:27:00,BR-116,BR-109,member
UZ83YUXYP3HBRBJE,book,2026-05-16 12:37:00,2026-05-16 13:15:00,BR-125,BR-125,guest
8SJ84TC2QSI2G74I,dvd,2026-03-23 07:38:00,2026-03-23 08:10:00,BR-118,BR-105,guest
XG541MPW57GN79HM,book,2026-05-15 11:21:00,2026-05-18 11:53:00,BR-107,BR-139,member
CB4JGRXOZLEL8PL6,audiobook,2026-03-21 13:12:00,2026-05-04 13:12:00,BR-112,BR-101,member
H4NRED6M42FQ4T7P,book,2026-03-29 07:47:00,,BR-109,,member
G7ZD9B7LNKZX8YX7,dvd,2026-05-02 08:50:00,2026-05-20 09:39:00,BR-122,BR-105,member
T3G2QZW3C1QKBHB7,book,2026-05-09 14:16:00,2026-05-11 14:34:00,BR-103,BR-103,guest
OU25VW9Y80PFSRQ8,book,2026-05-07 08:44:00,2026-05-07 09:14:00,BR-114,BR-124,guest
HBYHZ43XZ6OLBA11,audiobook,2026-04-17 10:12:00,,BR-106,,member
7JBMJM1FT07X5IC8,audiobook,2026-05-29 20:48:00,2026-05-29 21:34:00,BR-103,BR-140,guest
UAQE8BTSMAQ3OKLM,book,2026-04-10 14:39:00,2026-04-20 15:10:00,BR-104,BR-108,guest
RE4Q6QDY4LMCT64Z,audiobook,2026-05-21 09:50:00,2026-05-21 10:22:00,BR-124,BR-116,guest
630POCR0VHV1NM3V,audiobook,2026-03-10 17:14:00,2026-03-10 17:47:00,BR-109,BR-109,member
XDTG5NQJQIJC1YDM,book,2026-05-15 10:35:00,2026-05-29 11:01:00,BR-104,BR-144,guest
KY32ORWIXZ2C9ROS,audiobook,2026-05-28 13:34:00,2026-06-02 14:18:00,BR-103,BR-135,member
U88WLXWCE77GZDPY,book,2026-05-19 08:09:00,2026-05-20 08:09:00,BR-104,BR-106,staff
7M2MM4P61NHVCFWR,audiobook,2026-03-19 19:55:00,2026-03-19 20:46:00,BR-120,BR-120,member
EFZ1C25XNOFG7803,book,2026-03-15 19:10:00,2026-03-18 19:35:00,BR-102,BR-117,member
XAJI0Y6DPBHSAHXT,book,2026-05-15 11:51:00,2026-05-16 12:35:00,BR-101,BR-101,member
YMBNW8BKXCGW1VGL,book,2026-05-27 19:19:00,2026-06-01 19:25:00,BR-118,BR-123,guest
RSBZB7TLOM539IY8,audiobook,2026-03-26 09:21:00,,BR-120,,member
1EG1Y9XCA6QS0SZA,book,2026-03-16 11:15:00,2026-04-03 11:20:00,BR-128,BR-128,member
R5RC6ZS62YWE1G98,audiobook,2026-03-17 07:27:00,2026-03-24 07:39:00,BR-106,BR-141,member
FMUIW7J35VLWOJTX,book,2026-03-20 08:46:00,2026-03-23 09:22:00,BR-114,BR-114,guest
PQPPMJ6JFHVSTHBN,book,2026-04-16 13:01:00,2026-04-16 13:02:07,BR-115,BR-106,member
0Z7Q0I9BL14HOAE5,book,2026-05-09 08:05:00,2026-05-09 07:33:00,BR-133,BR-129,member
58FTYLAVZME9WT00,book,2026-05-16 19:48:00,2026-05-16 20:39:00,BR-112,BR-122,member
KL8CGN0T6DVWRB7F,audiobook,2026-03-21 07:06:00,,BR-122,,member
QQLYZJ0AEOORBT6S,book,2026-04-25 07:32:00,2026-05-05 07:50:00,BR-121,BR-141,member
ZDXIMYN4U9BXF445,book,2026-05-02 12:15:00,2026-05-02 13:07:00,BR-122,BR-122,member
KY3UFN0DSG2QFPOD,book,2026-03-17 14:13:00,,BR-129,,member
B1L6314CQE4LOHHC,book,2026-05-20 15:05:00,2026-06-07 16:04:00,BR-131,BR-119,member
0KO31NZSXPEFJ31E,book,2026-04-22 17:21:00,2026-05-02 17:34:00,BR-110,BR-110,member
5QQ8QMXETIZU802N,vinyl,2026-03-27 13:26:00,2026-03-28 13:26:00,BR-136,BR-127,guest
MF5L9MO1SDIEQFB8,audiobook,2026-04-23 10:55:00,2026-05-11 11:41:00,BR-111,BR-111,guest
RM6J8Y6RH05HHIWF,book,2026-03-11 17:42:00,2026-03-25 17:44:00,BR-132,BR-124,member
O1BLOG0NQ4I6R8SO,audiobook,2026-05-20 12:14:00,2026-05-20 11:40:00,BR-111,BR-116,guest
7J5IE3LVO0IPFG8P,book,2026-05-15 07:31:00,2026-05-15 08:11:00,BR-135,BR-131,member
OQTQ685OHM6X7P7A,magazine,2026-05-22 11:13:00,2026-05-23 11:13:00,BR-125,BR-137,member
ZN7XBVZR6KFKLDF4,book,2026-05-04 09:29:00,2026-05-04 08:53:00,BR-131,BR-132,member
ET81IQY5SXAW7LW5,audiobook,2026-04-11 17:28:00,2026-04-18 18:15:00,BR-115,BR-106,member
TFQVK8SXFI3UBM9X,book,2026-03-09 12:12:00,2026-03-19 12:50:00,BR-143,BR-138,member
LGOGFXLSRVP0IJ74,book,2026-04-09 12:46:00,2026-04-14 13:14:00,BR-123,BR-123,member
C7URVQT3G8CD31NR,dvd,2026-03-12 10:52:00,2026-04-01 11:43:00,BR-109,BR-109,member
8GAKH3YCQE8XAVMN,dvd,2026-05-09 17:06:00,2026-05-10 17:06:00,,BR-128,guest
DNPX2I9TANZR2MUL,book,2026-03-04 12:38:00,,BR-115,,guest
9A1G7IRDLK9EN7DL,book,2026-04-28 20:45:00,2026-05-18 21:02:00,BR-143,BR-101,member
JGQU6H3KR3KVR0I2,book,2026-04-08 17:53:00,2026-04-28 18:35:00,BR-141,BR-127,member
EL8HL88KZRUIN3OE,book,2026-05-15 15:11:00,2026-05-15 16:00:00,BR-144,BR-114,member
OPF541A1HYP5MASN,dvd,2026-03-30 08:54:00,2026-03-30 08:54:15,BR-139,BR-114,guest
4DSYSYMMQ8Q6A1DF,audiobook,2026-04-01 16:32:00,,BR-124,,member
ZTWXOL4BKUU5CZEC,book,2026-03-19 12:53:00,2026-03-20 12:53:00,BR-109,BR-110,
AACNU41BTA3RUNYN,magazine,2026-03-14 17:14:00,2026-03-15 17:14:00,BR-144,BR-132,guest
GAZ5UH80Q7TW1PUW,book,2026-04-16 14:09:00,,BR-116,,member
bad-id-9686,book,2026-05-24 18:48:00,2026-05-26 18:48:00,BR-134,BR-106,guest
V5LMQ15FBS4WVT3F,audiobook,2026-04-16 13:05:00,2026-04-17 13:05:00,,BR-109,member
08KG68A1ARR3VRHX,book,2026-04-26 08:38:00,,BR-139,,guest
63RVWOZQXIWE6RGL,,2026-04-18 11:53:00,2026-04-19 11:53:00,BR-144,BR-126,guest
NAYYOSYEOZ906GNH,book,2026-04-21 08:14:00,2026-04-24 09:02:00,BR-128,BR-138,member
KVG019YDQ3NWQAEE,dvd,2026-05-05 10:01:00,2026-05-23 10:31:00,BR-138,BR-138,guest
680COG1ZN1RIAMWU,dvd,2026-05-02 14:38:00,2026-05-03 14:38:00,BR-121,BR-132,staff
5RE0DRIMR25I7A2H,book,2026-04-18 17:43:00,2026-04-18 18:27:00,BR-102,BR-109,member
7VXUQDRMSWJJJKSL,dvd,2026-05-28 16:44:00,2026-05-28 15:32:00,BR-116,BR-137,member
B3PVARKCPW0GKEJZ,dvd,2026-04-24 10:30:00,2026-05-08 11:09:00,BR-107,BR-107,guest
YYZ6R9I8KCMM7DBF,book,2026-04-12 16:11:00,2026-05-02 16:54:00,BR-144,BR-144,guest
WC5AMLN4PTGQ9CVA,book,2026-03-08 19:25:00,2026-03-22 20:14:00,BR-133,BR-133,guest
167D6VNXNPSV8DKM,book,2026-05-07 16:32:00,2026-05-14 16:52:00,BR-128,BR-110,member
KI7P5TB94874FRHO,book,2026-04-18 07:24:00,2026-04-28 07:42:00,BR-117,BR-117,guest
WKOG0Z0C682U9WT2,dvd,2026-03-07 12:36:00,,BR-131,,guest
8U595CEKOF92Y8LZ,cd,2026-04-27 07:31:00,2026-04-28 07:31:00,BR-123,BR-139,guest
C54WSQT26Q3XLRFC,book,2026-04-13 18:05:00,2026-04-13 18:40:00,BR-133,BR-129,member
BQG716GNEMBRG8MY,audiobook,2026-03-16 11:19:00,2026-03-18 11:19:00,BR-131,BR-137,member
GAGLSXKUGWCDZ6X4,book,2026-04-13 15:22:00,,BR-126,,member
KFHB7V80LKX1S9XK,book,2026-04-12 12:15:00,2026-05-02 12:30:00,BR-114,BR-115,member
P6HGWLKOBQ6MYM8J,audiobook,2026-04-11 14:44:00,2026-04-12 14:57:00,BR-141,BR-136,member
3BNVBC2VYHH6K6HG,dvd,2026-05-01 10:44:00,2026-05-08 11:42:00,BR-139,BR-139,member
2Y7CDABBAJAQ08DN,audiobook,2026-05-11 16:18:00,2026-05-12 16:18:00,,BR-113,guest
F8KRD5EQY08P0FOD,book,2026-04-22 11:02:00,,BR-124,,member
JICJDAN085RNTDR5,dvd,2026-05-27 10:10:00,,BR-129,,guest
UITJ5ZOOH3YRGHWZ,book,2026-03-01 08:11:00,2026-03-19 08:41:00,BR-133,BR-116,member
F9FZJAHSAO2QWKBS,book,2026-03-25 11:59:00,2026-03-25 12:00:09,BR-129,BR-132,guest
DLOGWLACOLOLN3EH,audiobook,2026-05-15 10:31:00,2026-05-22 10:38:00,BR-133,BR-133,member
SEHUDS3QSQCQ30O3,dvd,2026-05-14 08:02:00,2026-05-14 08:56:00,BR-128,BR-105,guest
6OXQQ8Y1HEND7H10,dvd,2026-04-12 10:20:00,2026-04-13 10:20:00,,BR-144,member
MC20LSJWS1ZL7P72,book,2026-05-11 17:53:00,,BR-141,,member
K5199TMH6K1WXYWW,book,2026-05-08 13:14:00,2026-05-18 13:32:00,BR-126,BR-129,member
XZF0DZWDZ09WFTBG,book,2026-05-24 20:09:00,2026-05-25 20:58:00,BR-111,BR-127,member
YR1K12V2TG5PIZX3,book,2026-03-11 13:40:00,2026-03-29 14:31:00,BR-116,BR-118,member
UK1OOA35QBB3XMDK,book,2026-04-12 20:03:00,2026-05-02 20:35:00,BR-108,BR-104,guest
QNEZW9HEYCE4QGM5,book,2026-05-21 16:57:00,2026-06-04 17:51:00,BR-111,BR-111,member
EQBNHL1N13JCAT9M,dvd,2026-05-23 07:48:00,2026-05-25 08:41:00,BR-102,BR-102,member
WNGUCZH9IER7U8H0,book,2026-04-15 11:32:00,2026-04-15 11:56:00,BR-144,BR-144,member
VN7N1YBWMLUNJ48V,book,2026-03-11 16:42:00,2026-03-14 17:23:00,BR-110,BR-126,member
WNNHJ7XVG0FN9XUY,audiobook,2026-03-08 10:52:00,2026-03-15 11:09:00,BR-103,BR-103,guest
2IZ5P3VOB5APO4LJ,book,2026-03-13 15:10:00,,BR-119,,member
S8ANP8DMLC8XIZX3,audiobook,2026-03-03 11:46:00,2026-03-03 12:15:00,BR-142,BR-112,member
AF58C2JWOCLYT8W5,book,2026-05-09 07:39:00,2026-05-29 08:37:00,BR-105,BR-105,member
VIMI8FO0VYHFJLWS,book,2026-05-20 16:30:00,2026-05-23 17:22:00,BR-115,BR-115,guest
T60WLFYZSKV6IARL,audiobook,2026-04-30 11:36:00,2026-04-30 11:37:16,BR-120,BR-132,guest
HG0U43QLX3F2XHDC,book,2026-04-12 07:15:00,,BR-119,,member
UFO2HOQ5E7L7W05Y,cd,2026-04-04 18:43:00,2026-04-05 18:43:00,BR-106,BR-102,member
Q2086OKWOALF4V1T,dvd,2026-03-26 19:52:00,2026-04-13 20:01:00,BR-137,BR-137,member
FP672ZFBQBK4Y7ZX,book,2026-03-13 08:05:00,2026-04-04 08:05:00,BR-103,BR-111,guest
ZPCD1406XLYJMAZR,book,2026-03-29 16:27:00,2026-04-08 17:02:00,BR-143,BR-137,member
0S1F537YE0QZSA7Y,book,2026-03-12 12:29:00,,BR-103,,guest
UXL39DG5RIFWR0UI,audiobook,2026-04-02 13:19:00,2026-04-02 13:59:00,BR-122,BR-139,member
YQZ11MYLQJJBFSA5,book,2026-04-07 11:45:00,2026-04-10 12:15:00,BR-111,BR-144,member
64T026RJRNY20479,book,2026-04-20 16:36:00,,BR-143,,member
QD0771HLL9RZRKBF,book,2026-05-21 10:20:00,,BR-137,,member
K3QPWBSF3Q0E27ZE,book,2026-04-27 07:11:00,2026-04-29 08:07:00,BR-130,BR-117,member
4EPZL4J4X0LY66G9,dvd,2026-04-16 15:00:00,2026-05-06 15:42:00,BR-143,BR-143,member
6JLT8YDR3UES2FX0,dvd,2026-04-06 16:06:00,2026-04-07 16:52:00,BR-116,BR-122,guest
8OBS7587H91EL88L,audiobook,2026-04-14 14:25:00,2026-05-04 14:34:00,BR-111,BR-111,member
PJ60SRYZX70IB3WY,dvd,2026-05-22 09:16:00,2026-06-11 09:25:00,BR-139,BR-139,member
F2K1XERP3LYEX3SR,audiobook,2026-04-30 11:36:00,2026-05-07 12:27:00,BR-139,BR-139,member
ZY7EZ9GTWZ1UU7ZY,audiobook,2026-05-08 11:56:00,2026-05-22 12:02:00,BR-128,BR-128,member
BGQFQE6RP9UQEZFM,book,2026-04-06 09:53:00,2026-04-09 10:29:00,BR-111,BR-138,member
FQ8Y7FHWJWXZUXSF,audiobook,2026-04-10 19:27:00,,BR-125,,member
P1XS910BAF4JGQ6C,vinyl,2026-04-26 18:09:00,2026-04-27 18:09:00,BR-110,BR-119,member
1A7BOXFQJ3HXJ3AP,book,2026-05-11 15:47:00,2026-05-29 16:19:00,BR-113,BR-113,member
8AV2OSG6Q0IQZHEC,book,2026-05-13 14:29:00,2026-05-23 14:44:00,BR-116,BR-130,member
S7NVV28UE1MY6PO0,book,2026-04-26 20:29:00,2026-04-26 21:14:00,BR-137,BR-141,guest
SU8E6XFWZ73WHCF5,book,2026-04-01 10:06:00,,BR-131,,member
GXP5CITUF8CYOTWG,,2026-03-29 09:40:00,2026-03-30 09:40:00,BR-124,BR-103,member
850PK5LMFKRIG7JV,book,2026-03-30 17:17:00,,BR-110,,member
NGFLYRJ8GOSD3M0X,book,2026-03-02 09:20:00,2026-03-09 10:03:00,BR-109,BR-132,member
CLI6978V0BJWKON8,book,2026-05-14 09:16:00,2026-05-19 10:12:00,BR-111,BR-106,member
N7NPRB58YJWDCOKZ,audiobook,2026-05-07 10:42:00,,BR-117,,member
BWQ8962E52K20TVD,book,2026-03-31 19:55:00,,BR-126,,guest
NKL3ER9OM3P9M7QN,book,2026-03-21 15:27:00,2026-04-10 16:11:00,BR-125,BR-141,member
28DITMOWNX23VEUL,book,2026-03-23 14:29:00,2026-04-02 14:31:00,BR-102,BR-131,member
7A50121XRUTT247O,audiobook,2026-04-05 15:52:00,2026-05-31 15:52:00,BR-122,BR-112,member
KK0VM59M6MG87OI0,book,2026-03-03 16:32:00,,BR-111,,guest
R1YXR2DHYLURTP0L,dvd,2026-04-04 11:16:00,,BR-115,,member
2VFFQOT8HLJEFY3Z,book,2026-04-11 09:05:00,2026-04-18 09:37:00,BR-116,BR-116,member
82N2ATQYYV37DIA5,book,2026-05-18 10:41:00,2026-05-28 11:39:00,BR-105,BR-142,member
H9MBUZPHD7NDJWT6,audiobook,2026-05-07 09:16:00,2026-05-12 09:41:00,BR-144,BR-118,member
E4DNKSEKNKBF2P7K,book,2026-03-24 20:47:00,,BR-132,,member
MCXXBW01PDDHCVSQ,book,2026-04-13 20:07:00,2026-04-23 20:11:00,BR-128,BR-128,member
2VI109DCNWMBXEK0,book,2026-03-31 19:47:00,2026-04-20 20:29:00,BR-138,BR-139,member
BJ9RM7PYXDW2ZCFZ,dvd,2026-04-19 12:23:00,,BR-107,,guest
KQZFPQ06WPX2CYOS,dvd,2026-03-21 07:09:00,2026-03-31 07:11:00,BR-139,BR-139,member
V1L1VJ35YRG29D2F,book,2026-03-01 12:04:00,,BR-104,,guest
LVUNLPAIH0P4E05Q,book,2026-04-09 14:35:00,,BR-107,,member
RI4K5OGZ2UEAXYLN,book,2026-05-23 16:16:00,2026-05-30 16:52:00,BR-117,BR-117,member
FLDAA1FWT9UA09W1,book,2026-05-23 10:19:00,2026-05-25 11:05:00,BR-113,BR-125,guest
42HHIHXS58YREG2I,book,2026-04-09 18:45:00,2026-04-16 19:39:00,BR-142,BR-142,member
5UOFWB0HPMNZ1UDB,book,2026-05-19 07:43:00,2026-06-08 08:10:00,BR-106,BR-129,member
S3D6357OONNCILDZ,book,2026-03-19 09:02:00,2026-03-29 09:46:00,BR-119,BR-131,member
03O4GKWWJWGABTGD,book,2026-04-26 18:00:00,,BR-115,,member
IVSOLMLGSES6M033,book,2026-03-19 11:12:00,2026-04-08 11:16:00,BR-112,BR-112,guest
EOSFR5HGQGP1ZQD5,audiobook,2026-03-04 18:10:00,,BR-105,,guest
T2XCB3YYM33MG1ZA,book,2026-03-25 14:00:00,2026-03-28 14:43:00,BR-115,BR-123,member
0E7450J4A8YWY5AP,dvd,2026-05-23 07:54:00,2026-05-30 08:11:00,BR-121,BR-121,member
KPL3CHO3XJVOEGI3,book,2026-05-11 13:27:00,2026-05-13 13:37:00,BR-142,BR-142,member
0UC87NXP0JF6DNOB,dvd,2026-05-05 07:42:00,2026-05-05 07:43:15,BR-101,BR-109,member
RSRLA8S8HMBR5XQT,audiobook,2026-04-25 09:56:00,2026-05-02 10:19:00,BR-117,BR-117,member
HWBQH5T2D8VET8AN,audiobook,2026-04-12 12:49:00,,BR-136,,member
HXID4N1U3493WXA7,audiobook,2026-04-04 07:11:00,2026-04-07 08:09:00,BR-118,BR-118,member
3HZCD3GEQ10F7IA4,dvd,2026-04-24 09:15:00,2026-04-24 09:15:07,BR-133,BR-102,member
BC7QK4K6ILSIDBX2,audiobook,2026-03-12 16:44:00,2026-03-12 16:45:15,BR-112,BR-119,guest
EVES6FF7SO8W5038,book,2026-05-17 14:55:00,,BR-131,,guest
83BDW56FKPS0DXME,audiobook,2026-04-26 13:49:00,2026-05-06 14:10:00,BR-101,BR-101,member
ET1GHR09SKDGIGAT,book,2026-03-07 15:18:00,2026-03-17 15:24:00,BR-109,BR-137,member
4VE92MPNSM43D8W3,dvd,2026-04-25 09:46:00,2026-04-28 10:25:00,BR-134,BR-135,guest
O7KRGI4JWPXEFAF0,book,2026-05-05 18:44:00,,BR-135,,member
bad-id-9360,audiobook,2026-05-15 18:57:00,2026-05-17 18:57:00,BR-112,BR-142,guest
KGV1BBHG5ZMTGA46,book,2026-05-26 09:24:00,2026-05-26 10:05:00,BR-142,BR-120,member
012GRDMT28LL6DOW,dvd,2026-04-18 10:16:00,2026-04-28 11:13:00,BR-132,BR-132,member
bad-id-5544,book,2026-05-25 15:04:00,2026-05-27 15:04:00,BR-124,BR-110,member
DF163LRITJTABTD5,book,2026-03-01 10:01:00,2026-03-02 10:23:00,BR-115,BR-115,guest
B6IIDLRYE89FX5RX,audiobook,2026-04-06 12:18:00,,BR-142,,guest
DBFA1U5MY80TGH3S,book,2026-05-11 20:08:00,2026-05-31 20:32:00,BR-105,BR-137,member
4J1O5HD4HSBREBND,cd,2026-05-08 11:18:00,2026-05-09 11:18:00,BR-116,BR-128,guest
IK3OMD4PORU09BOS,dvd,2026-05-26 20:55:00,2026-05-26 21:48:00,BR-132,BR-132,member
OTDHHLMH1T939AYQ,audiobook,2026-05-18 16:15:00,2026-05-23 16:39:00,BR-103,BR-108,member
F5E8OSAQ3EQ8DH9P,book,2026-03-22 16:24:00,2026-03-24 17:07:00,BR-114,BR-101,member
V1WNP9OCIILDY5EG,book,2026-03-05 14:42:00,2026-03-12 14:59:00,BR-128,BR-128,member
2EPPPRAT0861TAA0,book,2026-04-14 11:08:00,2026-05-02 11:27:00,BR-107,BR-107,guest
3W3H98BRZVA9WDJS,book,2026-03-25 17:47:00,2026-04-12 18:23:00,BR-137,BR-137,member
2ST0SX5WVFGYW6ZB,book,2026-03-31 14:39:00,2026-04-10 14:53:00,BR-119,BR-120,guest
3DNKN35XYCUVFMH0,audiobook,2026-05-18 17:28:00,,BR-114,,member
0DK0GET8T63J3R30,book,2026-03-15 14:04:00,2026-03-17 14:59:00,BR-110,BR-144,guest
0X5ZU2ZUEUGWUBUG,book,2026-03-03 08:42:00,,BR-135,,member
NQ0EI05NMS6XVQPU,audiobook,2026-03-17 15:15:00,2026-04-06 15:23:00,BR-127,BR-119,member
MQPNRJAPJC6KSTCJ,book,2026-03-16 08:23:00,2026-03-21 08:35:00,BR-103,BR-117,member
50OPF060O4VFK9SM,audiobook,2026-05-15 19:24:00,,BR-106,,member
O6H5L3XFULHZQH9Q,audiobook,2026-05-17 19:15:00,2026-06-04 20:11:00,BR-134,BR-130,member
TN7S55J2O7S3KKV9,book,2026-03-20 14:34:00,2026-04-03 15:22:00,BR-131,BR-130,guest
K3QMVIFIIT2018U9,book,2026-03-23 09:15:00,2026-03-28 10:13:00,BR-138,BR-123,guest
0Y9IXFY1Z682R6ZL,dvd,2026-03-29 16:22:00,2026-03-30 16:22:00,,BR-120,member
I19MO1RTSXOF33QE,dvd,2026-05-06 09:45:00,2026-05-07 09:45:00,BR-115,BR-116,
EKHI1RD5B2CRPRDV,book,2026-04-08 16:00:00,2026-04-08 16:48:00,BR-138,BR-113,member
5NKB4EHOU6QLZ2RW,book,2026-05-21 07:00:00,2026-05-22 07:36:00,BR-129,BR-132,guest
3G84UTDD2EC2IHOY,audiobook,2026-03-11 16:37:00,2026-03-11 16:58:00,BR-117,BR-113,guest
bad-id-256,book,2026-05-13 17:39:00,2026-05-15 17:39:00,BR-125,BR-114,member
6DIXFWUXX8L2DDH0,book,2026-05-28 16:14:00,2026-06-07 17:03:00,BR-129,BR-133,member
2VXYZX9JPNBZUG0I,book,2026-04-30 17:22:00,2026-05-01 18:15:00,BR-133,BR-136,member
KQXLM5Q201LHLB50,book,2026-05-10 16:37:00,2026-05-12 16:58:00,BR-127,BR-127,member
KLYBWGMP9A9URI7E,book,2026-03-16 08:25:00,,BR-114,,member
O2TLA27F8LWVV59H,book,2026-05-08 13:12:00,,BR-131,,member
HE7UR23GDPPQ0Y9D,book,2026-04-13 19:55:00,2026-04-15 20:29:00,BR-107,BR-107,member
PEP69NGPCIVI052U,audiobook,2026-03-02 20:46:00,2026-03-02 21:09:00,BR-116,BR-116,member
4UWHK8C3FZ47I071,audiobook,2026-04-20 11:52:00,2026-04-21 11:53:00,BR-143,BR-122,member
6SS1A2R5BFYCW8IH,dvd,2026-03-19 19:45:00,2026-04-02 20:18:00,BR-111,BR-139,member
31YIHAIR4COWGZRI,dvd,2026-03-01 19:55:00,2026-03-03 20:06:00,BR-107,BR-134,member
VWIEB97PWDBOLWIM,book,2026-05-05 13:41:00,2026-05-08 14:04:00,BR-104,BR-104,member
JOTV7H10B8VK9QKA,audiobook,2026-04-12 17:42:00,2026-06-05 17:42:00,BR-141,BR-105,guest
7ONZ3JBCK88D0TGS,book,2026-05-20 09:35:00,2026-05-20 10:17:00,BR-136,BR-143,member
M6GMFT1PWVZ0RI0V,book,2026-04-21 11:02:00,2026-05-05 11:08:00,BR-115,BR-115,guest
JJA26YFPMVXPJ4HN,book,2026-03-31 13:36:00,2026-04-03 13:37:00,BR-123,BR-143,member
IN9N6XCJ883DHX8B,book,2026-03-17 19:36:00,,BR-114,,guest
015OOP767J2DG1WJ,book,2026-03-30 16:14:00,2026-04-04 16:19:00,BR-115,BR-131,member
F0ZPBDURVFFFIA3O,audiobook,2026-04-30 18:08:00,2026-05-03 18:38:00,BR-134,BR-134,member
A3YC8D4X0BS3LWW7,book,2026-04-24 08:14:00,,BR-114,,member
SF5EHLH07JR8MTK0,book,2026-05-05 13:59:00,2026-05-07 14:42:00,BR-113,BR-118,guest
YPBP0E36S2Z48EGP,audiobook,2026-05-26 08:09:00,2026-06-13 08:25:00,BR-101,BR-101,guest
QC96MJ9N6EQV5Y21,book,2026-03-14 08:46:00,2026-03-19 09:01:00,BR-139,BR-143,member
JZ6US7RP422TA83R,book,2026-04-15 12:43:00,2026-05-05 13:24:00,BR-120,BR-120,member
7B5C81JHUWB6TXKI,audiobook,2026-04-21 11:29:00,2026-04-22 11:57:00,BR-105,BR-105,member
A54HBPH1VE8SUSFH,audiobook,2026-05-17 12:47:00,2026-05-19 12:52:00,BR-121,BR-124,member
ABKAE6A9HL1737SU,book,2026-03-13 07:29:00,,BR-123,,member
Y1O2RNTJLMZ04X0Q,dvd,2026-03-21 08:13:00,2026-03-26 09:04:00,BR-133,BR-144,guest
WMPEQYDBPGVV4ZWL,audiobook,2026-05-25 19:34:00,2026-06-04 20:10:00,BR-106,BR-106,guest
IYNO667VGP52F1JO,book,2026-04-09 08:19:00,2026-04-19 08:53:00,BR-137,BR-137,guest
bad-id-7339,book,2026-04-06 12:08:00,2026-04-08 12:08:00,BR-119,BR-141,guest
QW5DSK7N8LA100QX,book,2026-03-09 19:34:00,,BR-126,,member
AEN7YJF30KH5840A,book,2026-05-11 16:13:00,,BR-112,,member
58TOE3PGIHNFLAYZ,book,2026-05-12 19:20:00,2026-05-19 19:38:00,BR-115,BR-134,member
0A0UY9F8P47D9GB9,dvd,2026-05-15 13:09:00,2026-05-17 13:11:00,BR-141,BR-141,member
PLJD84U89YJB1QX6,book,2026-05-14 13:40:00,2026-05-24 14:02:00,BR-132,BR-132,member
778S6764CAQKDM0O,book,2026-04-25 14:12:00,2026-04-26 14:38:00,BR-106,BR-106,member
0L1OFFKHDIU1JTKA,audiobook,2026-03-09 20:50:00,2026-03-14 21:47:00,BR-121,BR-114,member
NGMX1GM32WP7IYF0,book,2026-03-07 10:39:00,2026-03-10 10:39:00,BR-110,BR-110,guest
25PU9H9FB02H6FYE,audiobook,2026-04-23 16:12:00,2026-04-23 16:12:58,BR-130,BR-122,guest
bad-id-3939,audiobook,2026-04-07 07:57:00,2026-04-09 07:57:00,BR-122,BR-112,guest
SDNAI89Y1FFUU5F0,audiobook,2026-03-06 10:48:00,2026-03-09 11:11:00,BR-132,BR-132,member
2GRXPUDC62G3AUT3,book,2026-05-06 20:37:00,2026-05-26 20:44:00,BR-135,BR-114,guest
IQUWRXZE1HM38KSZ,book,2026-03-22 14:08:00,,BR-127,,member
M25A5PISKFFV3XOL,book,2026-05-26 14:30:00,2026-06-15 15:23:00,BR-114,BR-114,member
XN8BFQNPCENLK8AG,book,2026-05-11 08:16:00,2026-05-13 08:55:00,BR-117,BR-117,guest
IT7M1R00Q0MFTG69,audiobook,2026-05-07 07:53:00,2026-05-27 07:56:00,BR-105,BR-127,member
U7EEQTUL1P36P6QF,audiobook,2026-04-27 11:48:00,2026-04-30 12:37:00,BR-116,BR-132,member
AMYFP9S8GK0EEYYL,book,2026-03-11 13:44:00,,BR-108,,guest
FNP36F8HARJHRF34,dvd,2026-04-18 20:40:00,2026-04-19 20:40:00,BR-115,BR-113,staff
D2TSXTV76T94OW3L,book,2026-05-09 10:24:00,2026-05-12 10:47:00,BR-136,BR-129,guest
D2VFHZPQVJLDNHM6,audiobook,2026-04-27 09:56:00,2026-04-30 10:33:00,BR-103,BR-103,member
7JAE58HUXG2MYR06,book,2026-04-06 14:40:00,2026-04-26 15:31:00,BR-110,BR-127,member
889ERRYE12O003E8,audiobook,2026-03-17 09:22:00,,BR-133,,member
Q1DDPUSDDTV25AO2,dvd,2026-05-11 10:36:00,,BR-134,,member
PLBBB0HQ6DG8NKDA,book,2026-03-17 12:23:00,2026-04-04 12:56:00,BR-124,BR-116,member
Y2LOFN1R4KZ36U8U,book,2026-04-01 11:13:00,2026-04-11 12:07:00,BR-122,BR-122,member
SOQZ3MV1A0Q24BOZ,book,2026-04-28 19:42:00,2026-05-01 20:03:00,BR-129,BR-112,member
CDUEFS4UQXGCY3Q6,audiobook,2026-03-20 17:21:00,,BR-105,,member
088O98BV78HU7F0I,audiobook,2026-03-22 17:56:00,2026-04-11 18:36:00,BR-106,BR-122,member
bad-id-8716,audiobook,2026-05-07 16:36:00,2026-05-09 16:36:00,BR-126,BR-135,member
5OA31XYDUPPGBIVS,book,2026-05-13 18:26:00,2026-05-15 18:36:00,BR-102,BR-131,member
D7M08LCWL6QMGK2F,magazine,2026-03-07 12:54:00,2026-03-08 12:54:00,BR-111,BR-127,member
4052W8LI3IF9AIZH,audiobook,2026-04-26 17:51:00,,BR-114,,member
U74IJ643YUOAIH3I,book,2026-04-23 14:58:00,2026-06-22 14:58:00,BR-128,BR-104,member
P127EXVDA4L3KHYF,book,2026-05-25 20:51:00,2026-05-28 21:23:00,BR-103,BR-108,member
0JSHHJ7SWRQLUX6L,book,2026-04-15 20:57:00,,BR-101,,member
910T2F7ATWYAM1N0,book,2026-03-27 15:15:00,2026-03-27 15:44:00,BR-127,BR-106,member
TE8TVQ05PXT6RIDL,book,2026-03-20 11:00:00,2026-03-21 11:22:00,BR-101,BR-101,member
V9KYPOFKJW6NYQAE,book,2026-05-28 13:43:00,2026-06-04 14:30:00,BR-114,BR-105,member
6BEFFLZM764JWTEK,book,2026-05-04 17:10:00,2026-05-05 17:20:00,BR-138,BR-139,member
S3QT36QNYY95G5DO,book,2026-03-10 08:10:00,,BR-118,,member
UZHR5XFF0T0PVN9E,book,2026-03-07 20:07:00,2026-03-27 20:34:00,BR-110,BR-125,member
NCZXVML90PXRLZU6,book,2026-04-15 10:42:00,2026-04-22 11:01:00,BR-138,BR-119,member
TXW1VZC7D2KD1POX,book,2026-05-08 10:08:00,2026-05-22 10:26:00,BR-126,BR-110,member
R74QGEFQJG02U1G4,audiobook,2026-04-24 15:20:00,2026-04-24 15:51:00,BR-106,BR-131,member
